Year,Date
2021,2021-01-01
2021,2021-02-18
2021,2021-04-11
2021,2021-04-25
2021,2021-05-01
2021,2021-05-11
2021,2021-05-12
2021,2021-05-13
2021,2021-05-14
2021,2021-05-15
2021,2021-05-25
2021,2021-07-19
2021,2021-07-20
2021,2021-07-21
2021,2021-07-22
2021,2021-07-23
2021,2021-08-10
2021,2021-10-19
2021,2021-12-25
2021,2021-12-26
2022,2022-01-01
2022,2022-03-22
2022,2022-05-01
2022,2022-05-02
2022,2022-05-03
2022,2022-05-04
2022,2022-05-25
2022,2022-05-26
2022,2022-07-08
2022,2022-07-09
2022,2022-07-10
2022,2022-07-11
2022,2022-07-12
2022,2022-07-30
2023,2023-01-01
2023,2023-04-09
2023,2023-04-16
2023,2023-04-17
2023,2023-04-22
2023,2023-04-23
2023,2023-04-24
2023,2023-04-30
2023,2023-05-01
2023,2023-05-25
2023,2023-05-31
2023,2023-06-01
2023,2023-06-29
2023,2023-06-30
2023,2023-07-01
2023,2023-07-02
2023,2023-07-03
2023,2023-07-19
2023,2023-09-27
2023,2023-12-25
